<?xml version="1.0"?>
<!DOCTYPE module PUBLIC
  "-//Checkstyle//DTD Checkstyle Configuration 1.3//EN"
  "https://checkstyle.org/dtds/configuration_1_3.dtd">
<module name="Checker">
  <module name="TreeWalker">
    <module name="Indentation">
      <property name="basicOffset" value="4" />
      <property name="braceAdjustment" value="4" />
      <property name="caseIndent" value="4" />
      <property name="throwsIndent" value="4" />
      <property name="lineWrappingIndentation" value="4" />
      <property name="arrayInitIndent" value="4" />
    </module>
  </module>
</module>
